Stock1,Stock2,P-Value
ABBV,UNH,0.005750823531731486
AMGN,UNH,0.034703472000194045
DHR,JNJ,0.03432483484501181
ISRG,SYK,0.012477836473591176
